{
    "type": "fast_travel_dimension:fast_travel_dimension_type",
    "generator": {
    "type": "minecraft:flat",
    "seed": -64383798,
    "settings": {
        "biome": "minecraft:the_void",
        "lakes": false,
        "features": false,
        "layers": [
            {
                "block": "minecraft:bedrock",
                "height": 5
            },
            {
                "block": "minecraft:blue_ice",
                "height": 5
            }
        ],
        "structures": {
        "structures": {}
        }
    }
    }
}