{
    "name": "minecraft:fast_travel_dimension/fast_travel_dimension_type",
    "ultrawarm": false,
    "natural": false,
    "piglin_safe": false,
    "respawn_anchor_works": false,
    "bed_works": false,
    "has_raids": false,
    "has_skylight": false,
    "has_ceiling": false,
    "coordinate_scale": 100,
    "ambient_light": 1,
    "logical_height": 112,
    "effects": "minecraft:the_end",
    "infiniburn": "minecraft:infiniburn_overworld",
    "min_y": 0,
    "height": 112
}